TransactionID,AccountID,TransactionAmount,TransactionDate,TransactionType,Location,DeviceID,IP Address,MerchantID,Channel,CustomerAge,CustomerOccupation,TransactionDuration,LoginAttempts,PreviousTransactionDate,ip_loc,location_loc,location_lat,location_lon,ip_lat,ip_lon,distance_loc_ip,large_divergence,TimeSinceLastTransaction,Fraud,KMeans_Cluster,KMeans_Distance,KMeans_Fraud,ZScore_Fraud
TX000024,AC00453,345.84,2023-05-02 18:25:46,Debit,Fort Worth,D000162,191.82.103.198,M083,Online,22,Student,142,3,2024-11-04 08:07:04,"-32.8908,-68.8272","32.7687,-97.3093",32.7687,-97.3093,-32.8908,-68.8272,7858.0729433111,True,-47655678.0,False,2,4.113990059723381,False,True
TX000027,AC00441,246.93,2023-04-17 16:37:01,Debit,Miami,D000046,55.154.161.250,M029,ATM,23,Student,158,5,2024-11-04 08:11:38,"39.9539,-82.9301","25.7616,-80.1917",25.7616,-80.1917,39.9539,-82.9301,1594.4823043234815,False,-48958477.0,False,2,3.562590617359002,False,True
TX000033,AC00060,396.45,2023-09-25 16:26:00,Debit,New York,D000621,133.67.250.163,M007,ATM,49,Engineer,168,3,2024-11-04 08:11:13,"34.7333,136.5167","43.0000,-75.0000",43.0,-75.0,34.7333,136.5167,10822.386405019493,True,-35048713.0,False,2,3.433544948634583,False,True
TX000048,AC00439,510.24,2023-10-09 16:29:40,Debit,Oklahoma City,D000397,186.135.2.148,M090,Online,19,Student,105,1,2024-11-04 08:11:35,"-34.6131,-58.3772","35.4819,-97.5084",35.4819,-97.5084,-34.6131,-58.3772,8760.956754552086,True,-33838915.0,False,4,3.750943159531677,False,True
TX000055,AC00419,104.63,2023-03-29 17:47:16,Debit,Omaha,D000642,186.135.2.148,M095,ATM,62,Retired,90,1,2024-11-04 08:10:42,"-34.6131,-58.3772","41.2571,-95.9951",41.2571,-95.9951,-34.6131,-58.3772,9240.20586058384,True,-50595806.0,False,4,3.646317960768033,False,True
TX000059,AC00143,386.52,2023-06-09 16:18:15,Debit,Indianapolis,D000145,186.54.68.246,M064,Branch,48,Engineer,28,1,2024-11-04 08:07:09,"-34.9033,-56.1882","39.7910,-86.1480",39.791,-86.148,-34.9033,-56.1882,8824.42342982078,True,-44380134.0,False,4,3.6031885710958957,False,True
TX000075,AC00265,1212.51,2023-10-04 16:36:29,Debit,Indianapolis,D000231,193.83.0.183,M036,Branch,20,Student,24,1,2024-11-04 08:06:51,"47.7994,13.0440","39.7910,-86.1480",39.791,-86.148,47.7994,13.044,7463.343463355261,True,-34270222.0,False,1,2.5896286832196203,False,True
TX000086,AC00098,1340.19,2023-09-29 17:22:10,Credit,Austin,D000574,165.114.224.47,M012,Online,54,Engineer,30,1,2024-11-04 08:06:53,"51.4408,5.4778","30.2666,-97.7333",30.2666,-97.7333,51.4408,5.4778,8276.476297675863,True,-34699483.0,False,1,2.676346387303122,False,True
TX000088,AC00373,568.07,2023-08-28 17:03:53,Debit,Washington,D000018,8.243.4.138,M054,ATM,48,Doctor,115,1,2024-11-04 08:07:32,"-34.6131,-58.3772","38.8898,-77.0090",38.8898,-77.009,-34.6131,-58.3772,8361.519850078479,True,-37465419.0,False,4,3.6905811483841724,False,True
TX000090,AC00437,392.96,2023-11-20 16:28:09,Debit,Kansas City,D000141,186.54.68.246,M022,Online,24,Student,100,1,2024-11-04 08:08:38,"-34.9033,-56.1882","39.0997,-94.5783",39.0997,-94.5783,-34.9033,-56.1882,9096.39417070485,True,-30210029.0,False,4,3.71558693064896,False,True
TX000092,AC00310,223.85,2023-10-02 16:36:10,Debit,Kansas City,D000481,133.223.159.151,M009,ATM,53,Engineer,55,4,2024-11-04 08:08:01,"35.7021,139.6375","39.0997,-94.5783",39.0997,-94.5783,35.7021,139.6375,10032.884325229476,True,-34443111.0,False,2,2.4960333682721676,False,True
TX000140,AC00385,234.57,2023-09-01 16:09:08,Debit,Chicago,D000553,45.182.28.148,M045,Online,23,Student,120,1,2024-11-04 08:08:47,"-32.6910,-58.8884","41.8818,-87.6231",41.8818,-87.6231,-32.691,-58.8884,8765.50406181347,True,-37123179.0,False,4,3.634543761973296,False,True
TX000148,AC00161,514.95,2023-04-13 18:37:48,Debit,New York,D000109,23.92.205.75,M056,Online,41,Doctor,142,5,2024-11-04 08:10:01,"39.7392,-104.9847","43.0000,-75.0000",43.0,-75.0,39.7392,-104.9847,2520.9562623162615,False,-49296733.0,False,2,3.2127958118619104,False,True
TX000168,AC00332,506.28,2023-05-02 17:03:29,Credit,Chicago,D000606,110.150.1.201,M010,Online,53,Retired,162,2,2024-11-04 08:09:09,"-33.8678,151.2073","41.8818,-87.6231",41.8818,-87.6231,-33.8678,151.2073,14871.96780198963,True,-47660740.0,False,4,3.795015437957225,False,True
TX000177,AC00363,1362.55,2023-02-10 18:07:07,Debit,El Paso,D000213,93.52.44.101,M001,ATM,29,Engineer,106,1,2024-11-04 08:11:05,"45.4643,9.1895","31.7725,-106.4609",31.7725,-106.4609,45.4643,9.1895,9279.63766734695,True,-54655438.0,False,1,2.717682954786211,False,True
TX000179,AC00156,237.06,2023-12-18 16:47:17,Debit,Phoenix,D000455,61.95.76.233,M049,Online,71,Retired,46,1,2024-11-04 08:07:50,"-33.8678,151.2073","33.4483,-112.0740",33.4483,-112.074,-33.8678,151.2073,12539.36876911259,True,-27789633.0,False,4,3.819260556849112,False,True
TX000188,AC00258,630.36,2023-03-02 16:11:53,Debit,Mesa,D000091,200.22.195.243,M084,ATM,62,Retired,52,1,2024-11-04 08:12:15,"-33.4569,-70.6483","33.4245,-111.8332",33.4245,-111.8332,-33.4569,-70.6483,8566.092051192414,True,-52934422.0,False,4,4.084638383557645,False,True
TX000191,AC00396,1422.55,2023-07-10 17:49:18,Debit,Washington,D000569,188.124.181.12,M072,Branch,79,Retired,165,1,2024-11-04 08:06:50,"54.5893,18.4848","38.8898,-77.0090",38.8898,-77.009,54.5893,18.4848,6919.316041095841,False,-41696252.0,False,1,3.253027886056276,False,True
TX000202,AC00010,11.18,2023-11-30 16:52:42,Debit,Atlanta,D000129,16.51.235.240,M017,Online,43,Doctor,161,1,2024-11-04 08:10:20,"-37.8140,144.9633","33.7537,-84.3863",33.7537,-84.3863,-37.814,144.9633,15591.58264755439,True,-29344658.0,False,4,3.692747652467051,False,True
TX000232,AC00430,705.6,2023-02-20 18:41:43,Debit,Phoenix,D000103,205.45.234.42,M071,Branch,40,Doctor,124,3,2024-11-04 08:09:04,"39.9690,-83.0114","33.4483,-112.0740",33.4483,-112.074,39.969,-83.0114,2682.3250652568754,False,-53789241.0,False,2,3.053111024938363,False,True
TX000236,AC00175,54.03,2023-09-19 17:16:46,Credit,Milwaukee,D000519,161.25.82.11,M087,ATM,56,Retired,161,1,2024-11-04 08:07:36,"-33.4569,-70.6483","43.0389,-87.9064",43.0389,-87.9064,-33.4569,-70.6483,8651.052058518948,True,-35563850.0,False,4,3.802600507819507,False,True
TX000253,AC00041,371.69,2023-12-22 16:27:49,Debit,San Francisco,D000374,124.180.225.109,M020,Branch,67,Retired,143,1,2024-11-04 08:09:59,"-33.8678,151.2073","37.7739,-122.4312",37.7739,-122.4312,-33.8678,151.2073,11933.601823944682,True,-27445330.0,False,4,3.8303534625361237,False,True
TX000267,AC00178,66.9,2023-04-17 16:50:45,Credit,Charlotte,D000221,138.210.196.19,M021,Online,79,Retired,129,4,2024-11-04 08:10:39,"39.2333,-95.4669","35.2270,-80.8431",35.227,-80.8431,39.2333,-95.4669,1369.8998913271757,False,-48957594.0,False,2,2.826076652879622,False,True
TX000268,AC00424,535.91,2023-07-07 16:38:12,Debit,Las Vegas,D000583,104.80.232.55,M097,Online,43,Engineer,22,1,2024-11-04 08:10:49,"-33.8678,151.2073","36.1147,-115.2014",36.1147,-115.2014,-33.8678,151.2073,12415.188442073752,True,-41959957.0,False,4,3.4236360670625907,False,True
TX000275,AC00454,1176.28,2023-12-20 16:08:02,Credit,Kansas City,D000476,50.202.8.53,M074,ATM,54,Engineer,174,5,2024-11-04 08:11:44,"37.6038,-77.4914","39.0997,-94.5783",39.0997,-94.5783,37.6038,-77.4914,1500.539275325091,False,-27619422.0,False,2,4.248836522248204,False,True
TX000278,AC00220,345.22,2023-09-05 16:55:47,Debit,Fresno,D000217,164.75.163.220,M025,Branch,69,Retired,253,1,2024-11-04 08:07:36,"-35.2835,149.1281","36.7468,-119.7725",36.7468,-119.7725,-35.2835,149.1281,12329.119317958734,True,-36774709.0,False,4,4.035358713088308,False,True
TX000279,AC00009,74.85,2023-12-25 17:19:08,Debit,Raleigh,D000526,191.82.103.198,M091,ATM,72,Retired,117,1,2024-11-04 08:11:49,"-32.8908,-68.8272","35.7877,-78.6442",35.7877,-78.6442,-32.8908,-68.8272,7671.200023277497,True,-27183161.0,False,4,4.1430053274810446,False,True
TX000286,AC00033,47.42,2023-12-19 16:46:08,Debit,San Diego,D000249,41.0.10.107,M012,ATM,64,Doctor,28,1,2024-11-04 08:08:56,"-26.5333,29.0667","32.7157,-117.1610",32.7157,-117.161,-26.5333,29.0667,16700.59849956979,True,-27703368.0,False,4,3.904241320659621,False,True
TX000303,AC00466,61.43,2023-06-29 16:16:37,Debit,Phoenix,D000084,14.200.197.126,M035,Online,24,Student,170,1,2024-11-04 08:08:18,"-33.8678,151.2073","33.4483,-112.0740",33.4483,-112.074,-33.8678,151.2073,12539.36876911259,True,-42652301.0,False,4,3.396664589585042,False,True
TX000312,AC00285,1221.65,2023-09-27 16:55:35,Debit,Denver,D000098,83.207.115.164,M091,Online,27,Student,153,1,2024-11-04 08:10:41,"48.8210,2.2772","39.7420,-104.9915",39.742,-104.9915,48.821,2.2772,7879.65412092845,True,-34874106.0,False,1,2.026797290917127,False,True
TX000324,AC00248,138.12,2023-04-11 17:18:50,Credit,Los Angeles,D000182,45.182.28.148,M067,Branch,53,Doctor,281,1,2024-11-04 08:11:23,"-32.6910,-58.8884","34.0522,-118.2436",34.0522,-118.2436,-32.691,-58.8884,9649.890408005815,True,-49474353.0,False,4,4.292791641258526,False,True
TX000334,AC00187,118.77,2023-10-02 17:44:05,Debit,Atlanta,D000310,104.80.232.55,M066,Branch,55,Engineer,123,1,2024-11-04 08:10:29,"-33.8678,151.2073","33.7537,-84.3863",33.7537,-84.3863,-33.8678,151.2073,14944.527794886557,True,-34439184.0,False,4,3.2467588693539096,False,True
TX000341,AC00107,1830.0,2023-03-01 16:31:58,Debit,San Antonio,D000436,62.27.235.199,M082,Online,55,Engineer,238,1,2024-11-04 08:11:59,"49.3096,12.8416","29.4243,-98.4911",29.4243,-98.4911,49.3096,12.8416,8964.693826012444,True,-53019601.0,False,1,4.252378083858959,False,True
TX000345,AC00156,1271.9,2023-08-28 16:43:15,Debit,Houston,D000312,210.136.14.108,M073,ATM,47,Engineer,155,1,2024-11-04 08:09:27,"35.0000,135.8667","29.7499,-95.3584",29.7499,-95.3584,35.0,135.8667,11057.472348776206,True,-37466772.0,False,1,2.991515051361287,False,True
TX000357,AC00261,121.82,2023-02-07 17:20:24,Debit,Colorado Springs,D000095,186.54.68.246,M094,Online,69,Doctor,123,3,2024-11-04 08:08:07,"-34.9033,-56.1882","38.8590,-104.8134",38.859,-104.8134,-34.9033,-56.1882,9579.013573360482,True,-54917263.0,True,2,4.482348121120108,True,True
TX000376,AC00316,1392.54,2023-11-20 16:51:14,Debit,El Paso,D000113,63.67.150.226,M013,Branch,41,Doctor,297,1,2024-11-04 08:09:15,"39.0437,-77.4875","31.7725,-106.4609",31.7725,-106.4609,39.0437,-77.4875,2739.1732903146567,False,-30208681.0,False,1,3.5405547986405534,False,True
TX000395,AC00326,6.3,2023-12-14 18:52:54,Debit,Columbus,D000539,210.160.90.52,M017,Branch,80,Retired,283,5,2024-11-04 08:12:13,"35.6588,139.9006","39.9833,-82.9833",39.9833,-82.9833,35.6588,139.9006,10551.317465849383,True,-28127959.0,True,2,4.45359149219438,True,True
TX000401,AC00145,194.85,2023-09-12 16:50:21,Debit,Jacksonville,D000601,148.234.210.167,M096,Online,23,Student,130,4,2024-11-04 08:08:01,"25.7417,-100.3022","30.3321,-81.6556",30.3321,-81.6556,25.7417,-100.3022,1900.1393234168115,False,-36170260.0,False,2,2.5756587494532845,False,True
TX000415,AC00495,83.5,2023-05-15 18:47:35,Debit,Dallas,D000446,34.92.221.183,M100,Branch,61,Retired,91,5,2024-11-04 08:07:22,"22.2783,114.1747","32.7791,-96.8088",32.7791,-96.8088,22.2783,114.1747,13084.685761776678,True,-46531187.0,False,2,3.0879296225650257,False,True
TX000441,AC00040,1237.56,2023-11-13 17:49:04,Credit,Austin,D000077,219.96.187.255,M060,Branch,60,Engineer,159,1,2024-11-04 08:11:45,"35.6895,139.6917","30.2666,-97.7333",30.2666,-97.7333,35.6895,139.6917,10561.872420753516,True,-30810161.0,False,1,3.216907465586322,False,True
TX000455,AC00264,611.11,2023-10-18 18:32:31,Debit,Detroit,D000215,141.201.46.191,M045,ATM,20,Student,282,4,2024-11-04 08:11:12,"47.9000,13.1333","42.3314,-83.0457",42.3314,-83.0457,47.9,13.1333,7079.473408819622,False,-33053921.0,False,2,3.493713387277491,False,True
TX000464,AC00417,302.16,2023-10-18 17:47:52,Debit,Kansas City,D000123,84.237.126.96,M014,Online,80,Retired,138,5,2024-11-04 08:07:38,"55.0415,82.9346","39.0997,-94.5783",39.0997,-94.5783,55.0415,82.9346,9569.827284742998,True,-33056386.0,False,2,3.328928073666359,False,True
TX000467,AC00063,445.41,2023-11-20 16:27:31,Debit,Fresno,D000039,185.23.87.107,M015,ATM,35,Doctor,235,3,2024-11-04 08:08:08,"45.5037,11.4120","36.7468,-119.7725",36.7468,-119.7725,45.5037,11.412,9667.878173606447,True,-30210037.0,False,2,3.273963953922115,False,True
TX000472,AC00398,206.46,2023-11-27 18:26:02,Debit,Virginia Beach,D000620,110.150.1.201,M013,ATM,65,Retired,279,1,2024-11-04 08:06:44,"-33.8678,151.2073","36.8631,-76.0157",36.8631,-76.0157,-33.8678,151.2073,15763.936146428929,True,-29598042.0,True,4,4.365208947199893,True,True
TX000476,AC00464,1431.3,2023-09-04 18:46:40,Debit,Oklahoma City,D000563,7.105.184.86,M082,ATM,18,Student,168,1,2024-11-04 08:11:20,"39.9690,-83.0114","35.4819,-97.5084",35.4819,-97.5084,39.969,-83.0114,1369.6012700627223,False,-36854680.0,False,1,2.6485829038548903,False,True
TX000487,AC00148,1416.69,2023-01-16 17:00:11,Debit,Nashville,D000418,219.98.242.240,M015,ATM,46,Engineer,58,1,2024-11-04 08:11:35,"35.9081,139.6566","36.1744,-86.7679",36.1744,-86.7679,35.9081,139.6566,10697.373807748676,True,-56819484.0,False,1,3.483954494807539,False,True
TX000492,AC00318,505.19,2023-03-14 16:25:04,Debit,Kansas City,D000660,60.89.202.192,M023,ATM,30,Doctor,128,5,2024-11-04 08:10:19,"35.6895,139.6917","39.0997,-94.5783",39.0997,-94.5783,35.6895,139.6917,10030.883231221726,True,-51896715.0,False,2,2.998612276163647,False,True
TX000503,AC00103,795.96,2023-09-28 17:53:43,Debit,Raleigh,D000283,54.252.249.33,M014,Online,65,Retired,119,1,2024-11-04 08:08:26,"-33.8678,151.2073","35.7877,-78.6442",35.7877,-78.6442,-33.8678,151.2073,15509.476556317644,True,-34784083.0,False,4,3.90913801137915,False,True
TX000509,AC00353,127.0,2023-09-15 17:09:41,Credit,Nashville,D000024,154.138.163.229,M015,Branch,19,Student,68,5,2024-11-04 08:10:12,"30.0626,31.2497","36.1744,-86.7679",36.1744,-86.7679,30.0626,31.2497,10235.049337617507,True,-35910031.0,False,2,2.811684172416733,False,True
TX000512,AC00153,1116.48,2023-09-18 17:44:50,Debit,San Diego,D000633,164.75.163.220,M057,ATM,51,Engineer,55,1,2024-11-04 08:11:35,"-35.2835,149.1281","32.7157,-117.1610",32.7157,-117.161,-35.2835,149.1281,12321.396939223509,True,-35648805.0,True,4,4.527699699087318,True,True
TX000527,AC00173,345.81,2023-06-26 16:10:57,Debit,Raleigh,D000417,191.82.103.198,M099,Branch,40,Engineer,135,1,2024-11-04 08:12:14,"-32.8908,-68.8272","35.7877,-78.6442",35.7877,-78.6442,-32.8908,-68.8272,7671.200023277497,True,-42912077.0,False,4,3.488404062886846,False,True
TX000536,AC00161,1182.86,2023-12-11 16:06:51,Debit,Tucson,D000673,96.24.89.146,M050,Online,30,Engineer,34,1,2024-11-04 08:08:58,"47.5614,-122.1552","32.2534,-110.9117",32.2534,-110.9117,47.5614,-122.1552,1948.0720637075317,False,-28396927.0,False,1,2.856892778857222,False,True
TX000547,AC00005,420.28,2023-05-17 17:28:25,Debit,Washington,D000677,110.150.1.201,M002,Branch,35,Doctor,144,1,2024-11-04 08:09:01,"-33.8678,151.2073","38.8898,-77.0090",38.8898,-77.009,-33.8678,151.2073,15711.917188992047,True,-46363236.0,False,4,3.389529924626487,False,True
TX000548,AC00456,97.09,2023-04-10 18:26:56,Debit,Fort Worth,D000164,221.206.44.63,M052,ATM,24,Student,202,4,2024-11-04 08:06:33,"29.8782,121.5494","32.7687,-97.3093",32.7687,-97.3093,29.8782,121.5494,11957.653550453766,True,-49556377.0,False,2,2.727071936799455,False,True
TX000552,AC00465,106.16,2023-04-14 17:21:48,Debit,Phoenix,D000673,48.89.167.189,M098,ATM,56,Doctor,277,4,2024-11-04 08:08:51,"40.7357,-74.1724","33.4483,-112.0740",33.4483,-112.074,40.7357,-74.1724,3436.942753941972,False,-49214823.0,False,2,2.8181428630337435,False,True
TX000556,AC00433,1282.86,2023-05-15 16:52:40,Debit,Austin,D000388,62.251.170.72,M070,Branch,19,Student,68,1,2024-11-04 08:07:32,"33.5883,-7.6114","30.2666,-97.7333",30.2666,-97.7333,33.5883,-7.6114,8233.938333436065,True,-46538092.0,False,1,2.5183971063594717,False,True
TX000589,AC00418,178.88,2023-06-19 17:31:08,Credit,Dallas,D000101,38.210.156.148,M026,Branch,76,Retired,93,4,2024-11-04 08:12:10,"-22.5050,-43.1786","32.7791,-96.8088",32.7791,-96.8088,-22.505,-43.1786,8359.351537900948,True,-43512062.0,False,2,3.4978688315563082,False,True
TX000594,AC00039,139.57,2023-11-17 17:59:11,Debit,Fort Worth,D000222,13.30.106.126,M030,ATM,19,Student,263,3,2024-11-04 08:07:23,"47.6339,-122.3476","32.7687,-97.3093",32.7687,-97.3093,47.6339,-122.3476,2675.496141729679,False,-30463692.0,False,2,3.704220868715653,False,True
TX000595,AC00051,312.47,2023-05-02 17:24:26,Debit,Milwaukee,D000658,207.157.126.125,M033,ATM,49,Engineer,148,4,2024-11-04 08:08:05,"34.7304,-86.5859","43.0389,-87.9064",43.0389,-87.9064,34.7304,-86.5859,929.4097591818722,False,-47659419.0,False,2,2.35166240023379,False,True
TX000607,AC00225,175.15,2023-11-09 17:02:41,Debit,Detroit,D000367,16.51.235.240,M090,ATM,27,Student,32,1,2024-11-04 08:09:45,"-37.8140,144.9633","42.3314,-83.0457",42.3314,-83.0457,-37.814,144.9633,15950.440292091205,True,-31158424.0,False,4,3.987465188972241,False,True
TX000608,AC00150,32.54,2023-07-04 16:25:35,Debit,Oklahoma City,D000008,4.101.189.38,M022,Online,25,Student,183,4,2024-11-04 08:07:01,"32.5530,-92.0422","35.4819,-97.5084",35.4819,-97.5084,32.553,-92.0422,600.2253477856731,False,-42219686.0,False,2,2.269441857855738,False,True
TX000615,AC00466,1342.25,2023-04-28 18:11:55,Credit,Fort Worth,D000643,28.149.72.129,M032,Branch,21,Student,235,1,2024-11-04 08:08:00,"39.9690,-83.0114","32.7687,-97.3093",32.7687,-97.3093,39.969,-83.0114,1508.663855037611,False,-48002165.0,False,1,2.929845415662059,False,True
TX000618,AC00366,115.11,2023-05-05 17:34:22,Debit,Albuquerque,D000632,190.164.160.79,M011,Online,28,Engineer,139,1,2024-11-04 08:10:18,"-33.4569,-70.6483","35.1067,-106.6291",35.1067,-106.6291,-33.4569,-70.6483,8466.454163804507,True,-47399756.0,False,4,3.548101940370641,False,True
TX000641,AC00170,41.51,2023-10-04 16:47:33,Debit,Phoenix,D000688,16.51.235.240,M084,Online,28,Student,48,1,2024-11-04 08:11:54,"-37.8140,144.9633","33.4483,-112.0740",33.4483,-112.074,-37.814,144.9633,13231.358864307214,True,-34269861.0,False,4,3.63867959611143,False,True
TX000646,AC00139,50.83,2023-12-18 16:06:14,Credit,Philadelphia,D000421,190.164.160.79,M076,Online,30,Doctor,48,1,2024-11-04 08:10:06,"-33.4569,-70.6483","39.9525,-75.1652",39.9525,-75.1652,-33.4569,-70.6483,8140.9751222466375,True,-27792232.0,False,4,4.175900398156221,False,True
TX000652,AC00208,1241.05,2023-11-21 16:26:41,Debit,Miami,D000105,156.96.135.18,M089,Branch,18,Student,129,1,2024-11-04 08:11:48,"40.7143,-74.0060","25.7616,-80.1917",25.7616,-80.1917,40.7143,-74.006,1754.509889367084,False,-30123907.0,False,1,3.4032819082783323,False,True
TX000654,AC00423,1919.11,2023-06-27 17:48:25,Debit,Portland,D000191,207.157.126.125,M033,ATM,30,Doctor,161,1,2024-11-04 08:10:27,"34.7304,-86.5859","45.5230,-122.6764",45.523,-122.6764,34.7304,-86.5859,3267.8599047812245,False,-42819722.0,True,1,4.547684598963325,True,True
TX000666,AC00393,152.18,2023-08-07 16:57:22,Credit,Los Angeles,D000637,40.244.94.218,M093,Online,39,Engineer,176,4,2024-11-04 08:10:50,"39.7406,-86.1569","34.0522,-118.2436",34.0522,-118.2436,39.7406,-86.1569,2912.286382615651,False,-39280408.0,False,2,2.1149621403667465,False,True
TX000670,AC00023,126.22,2023-05-04 16:25:15,Debit,Atlanta,D000094,9.230.41.239,M081,ATM,46,Engineer,77,4,2024-11-04 08:07:41,"36.0512,-78.8577","33.7537,-84.3863",33.7537,-84.3863,36.0512,-78.8577,565.8071371504785,False,-47490146.0,False,2,2.0862785328366034,False,True
TX000686,AC00071,119.3,2023-08-28 16:08:54,Debit,Mesa,D000597,90.111.245.138,M058,Branch,34,Engineer,22,5,2024-11-04 08:08:55,"48.8648,2.3335","33.4245,-111.8332",33.4245,-111.8332,48.8648,2.3335,8809.669967374826,True,-37468801.0,False,2,2.9142697165033358,False,True
TX000688,AC00330,42.42,2023-06-01 17:19:57,Debit,Sacramento,D000068,61.95.76.233,M042,Online,21,Student,102,1,2024-11-04 08:09:11,"-33.8678,151.2073","38.5905,-121.4899",38.5905,-121.4899,-33.8678,151.2073,12049.803453858736,True,-45067754.0,False,4,3.5594863021927625,False,True
TX000692,AC00418,25.94,2023-10-16 18:53:31,Credit,San Jose,D000232,42.219.228.159,M003,Online,58,Retired,211,5,2024-11-04 08:06:38,"39.9122,116.3561","37.3354,-121.8930",37.3354,-121.893,39.9122,116.3561,9595.024186035678,True,-33225187.0,False,2,3.4282386681425034,False,True
TX000694,AC00011,733.29,2023-03-15 18:42:16,Debit,Virginia Beach,D000618,16.51.235.240,M032,ATM,52,Doctor,94,5,2024-11-04 08:07:12,"-37.8140,144.9633","36.8631,-76.0157",36.8631,-76.0157,-37.814,144.9633,16420.70512609122,True,-51801896.0,True,2,5.412773521067072,True,True
TX000723,AC00418,75.53,2023-08-21 17:36:05,Credit,Fresno,D000597,54.252.249.33,M009,Online,21,Student,157,1,2024-11-04 08:07:11,"-33.8678,151.2073","36.7468,-119.7725",36.7468,-119.7725,-33.8678,151.2073,12084.473649011685,True,-38068266.0,False,4,3.527989468613244,False,True
TX000726,AC00067,1309.79,2023-03-06 16:33:43,Debit,San Francisco,D000251,3.200.166.167,M004,ATM,23,Student,139,1,2024-11-04 08:11:14,"36.8585,-76.0019","37.7739,-122.4312",37.7739,-122.4312,36.8585,-76.0019,4073.689597738489,False,-52587451.0,False,1,2.8201272527220484,False,True
TX000755,AC00153,84.34,2023-06-08 16:27:56,Debit,Memphis,D000493,200.136.146.93,M039,Online,58,Retired,248,3,2024-11-04 08:09:31,"-23.5475,-46.6361","35.1495,-90.0489",35.1495,-90.0489,-23.5475,-46.6361,7948.067780573327,True,-44466095.0,False,2,3.8987802254808104,False,True
TX000756,AC00460,1607.55,2023-09-07 16:27:03,Debit,Phoenix,D000070,94.37.250.128,M031,ATM,31,Engineer,156,1,2024-11-04 08:07:33,"47.5413,-122.3129","33.4483,-112.0740",33.4483,-112.074,47.5413,-122.3129,1785.9151886377697,False,-36603630.0,False,1,3.1396946924955507,False,True
TX000773,AC00093,827.14,2023-01-17 17:25:13,Debit,El Paso,D000645,215.97.143.157,M018,Branch,36,Engineer,265,4,2024-11-04 08:08:14,"39.9690,-83.0114","31.7725,-106.4609",31.7725,-106.4609,39.969,-83.0114,2295.7623377181576,False,-56731381.0,False,2,3.548215429943144,False,True
TX000793,AC00468,253.55,2023-01-11 16:56:58,Debit,Jacksonville,D000112,41.82.55.163,M007,ATM,28,Engineer,85,5,2024-11-04 08:09:12,"14.6937,-17.4441","30.3321,-81.6556",30.3321,-81.6556,14.6937,-17.4441,6743.734612621509,False,-57251534.0,False,2,3.12557149151263,False,True
TX000794,AC00262,408.28,2023-03-15 16:33:09,Credit,Nashville,D000638,142.148.226.178,M028,Branch,21,Student,125,3,2024-11-04 08:10:10,"32.7831,-96.8067","36.1744,-86.7679",36.1744,-86.7679,32.7831,-96.8067,995.3269721494241,False,-51809821.0,False,2,2.939594253098452,False,True
TX000806,AC00202,132.36,2023-03-13 17:01:57,Debit,Colorado Springs,D000203,41.0.10.107,M094,Branch,28,Student,160,1,2024-11-04 08:10:05,"-26.5333,29.0667","38.8590,-104.8134",38.859,-104.8134,-26.5333,29.0667,15540.707406793179,True,-51980888.0,False,4,3.134608672769246,False,True
TX000808,AC00316,668.67,2023-11-07 17:38:05,Debit,Detroit,D000682,184.59.28.72,M019,Online,44,Doctor,143,4,2024-11-04 08:06:29,"42.6728,-88.5445","42.3314,-83.0457",42.3314,-83.0457,42.6728,-88.5445,453.48773472912205,False,-31328904.0,False,2,2.9963389825357383,False,True
TX000817,AC00050,24.19,2023-02-08 17:33:08,Debit,San Diego,D000099,186.135.2.148,M061,ATM,29,Engineer,28,1,2024-11-04 08:07:26,"-34.6131,-58.3772","32.7157,-117.1610",32.7157,-117.161,-34.6131,-58.3772,9656.565674204716,True,-54830058.0,False,4,4.1628634742794315,False,True
TX000838,AC00169,39.21,2023-05-10 16:15:31,Debit,Miami,D000059,105.87.212.115,M093,ATM,66,Doctor,245,4,2024-11-04 08:11:52,"30.0626,31.2497","25.7616,-80.1917",25.7616,-80.1917,30.0626,31.2497,10454.412634532257,True,-46972581.0,False,2,3.423884916877448,False,True
TX000851,AC00124,23.4,2023-02-08 18:27:49,Debit,El Paso,D000079,74.58.165.67,M027,ATM,46,Doctor,175,4,2024-11-04 08:07:14,"45.5088,-73.5878","31.7725,-106.4609",31.7725,-106.4609,45.5088,-73.5878,3211.2695273151735,False,-54826765.0,False,2,2.347984100900152,False,True
TX000853,AC00068,259.9,2023-06-22 16:08:43,Debit,Oklahoma City,D000551,14.200.197.126,M083,Online,26,Student,100,1,2024-11-04 08:07:29,"-33.8678,151.2073","35.4819,-97.5084",35.4819,-97.5084,-33.8678,151.2073,13858.21234647605,True,-43257526.0,False,4,3.0347261255677322,False,True
TX000865,AC00156,261.14,2023-05-15 18:44:04,Debit,San Antonio,D000218,186.135.2.148,M040,ATM,42,Engineer,162,1,2024-11-04 08:08:53,"-34.6131,-58.3772","29.4243,-98.4911",29.4243,-98.4911,-34.6131,-58.3772,8246.315404455185,True,-46531489.0,False,4,3.695713153763614,False,True
TX000883,AC00474,119.01,2023-03-13 17:26:41,Debit,Philadelphia,D000418,14.200.197.126,M069,ATM,45,Doctor,87,1,2024-11-04 08:09:17,"-33.8678,151.2073","39.9525,-75.1652",39.9525,-75.1652,-33.8678,151.2073,15883.183910872627,True,-51979356.0,False,4,3.5520724393823473,False,True
TX000893,AC00063,523.02,2023-05-19 18:32:45,Debit,Jacksonville,D000689,124.180.225.109,M010,Online,53,Retired,83,1,2024-11-04 08:06:38,"-33.8678,151.2073","30.3321,-81.6556",30.3321,-81.6556,-33.8678,151.2073,15075.851728449587,True,-46186433.0,False,4,3.5592975180969266,False,True
TX000899,AC00083,1531.31,2023-10-23 18:00:29,Debit,San Diego,D000319,91.204.200.167,M078,Online,18,Student,62,4,2024-11-04 08:06:40,"55.0711,38.7840","32.7157,-117.1610",32.7157,-117.161,55.0711,38.784,10010.44794698538,True,-32623571.0,True,2,5.226137898217811,True,True
TX000905,AC00480,354.76,2023-05-17 16:30:05,Debit,Detroit,D000135,54.252.249.33,M065,Branch,51,Doctor,279,1,2024-11-04 08:07:39,"-33.8678,151.2073","42.3314,-83.0457",42.3314,-83.0457,-33.8678,151.2073,15253.748106728435,True,-46366654.0,False,4,4.089702749944274,False,True
TX000910,AC00438,120.86,2023-11-16 17:57:45,Debit,Colorado Springs,D000035,184.146.10.88,M081,Online,33,Doctor,162,4,2024-11-04 08:11:48,"45.4112,-75.6981","38.8590,-104.8134",38.859,-104.8134,45.4112,-75.6981,2499.0660511530905,False,-30550443.0,False,2,2.27883626400357,False,True
TX000917,AC00272,337.73,2023-05-23 17:12:39,Debit,San Antonio,D000480,219.193.239.152,M065,Online,78,Retired,107,4,2024-11-04 08:07:28,"35.6500,139.7333","29.4243,-98.4911",29.4243,-98.4911,35.65,139.7333,10579.16579311907,True,-45845689.0,False,2,3.05829443952201,False,True
TX000918,AC00402,330.61,2023-07-06 16:04:39,Credit,Nashville,D000648,186.54.68.246,M099,Branch,64,Retired,113,1,2024-11-04 08:10:34,"-34.9033,-56.1882","36.1744,-86.7679",36.1744,-86.7679,-34.9033,-56.1882,8484.034706407134,True,-42048355.0,False,4,3.4584685468399905,False,True
TX000925,AC00237,590.01,2023-02-06 16:42:16,Debit,San Jose,D000248,197.162.55.147,M044,Online,29,Doctor,140,3,2024-11-04 08:07:46,"30.9706,31.1669","37.3354,-121.8930",37.3354,-121.893,30.9706,31.1669,11942.489786941716,True,-55005930.0,False,2,3.337040358389497,False,True
TX000926,AC00230,697.82,2023-11-27 16:10:37,Debit,New York,D000377,161.25.82.11,M092,Online,44,Engineer,153,1,2024-11-04 08:07:11,"-33.4569,-70.6483","43.0000,-75.0000",43.0,-75.0,-33.4569,-70.6483,8477.751380224689,True,-29606194.0,False,4,4.333504045977587,False,True
TX000927,AC00224,302.76,2023-11-16 17:14:01,Debit,Sacramento,D000640,221.23.158.87,M043,ATM,38,Engineer,88,3,2024-11-04 08:11:08,"35.6500,139.7333","38.5905,-121.4899",38.5905,-121.4899,35.65,139.7333,8307.062396498031,True,-30553027.0,False,2,3.3147901501775303,False,True
TX000930,AC00329,0.86,2023-02-13 17:49:27,Debit,Colorado Springs,D000082,120.16.186.17,M050,ATM,25,Student,139,1,2024-11-04 08:12:22,"-31.9522,115.8614","38.8590,-104.8134",38.859,-104.8134,-31.9522,115.8614,16282.902552454132,True,-54397375.0,False,4,3.526025217835436,False,True
TX000931,AC00160,757.1,2023-01-23 17:22:25,Debit,Atlanta,D000667,14.200.197.126,M071,Branch,65,Doctor,203,1,2024-11-04 08:11:06,"-33.8678,151.2073","33.7537,-84.3863",33.7537,-84.3863,-33.8678,151.2073,14944.527794886557,True,-56213321.0,False,4,4.195697339887023,False,True
TX000933,AC00200,76.51,2023-04-03 16:01:51,Credit,Mesa,D000242,200.22.195.243,M016,Online,49,Engineer,120,4,2024-11-04 08:07:51,"-33.4569,-70.6483","33.4245,-111.8332",33.4245,-111.8332,-33.4569,-70.6483,8566.092051192414,True,-50169960.0,False,2,3.8140865264075834,False,True
TX000935,AC00456,1022.75,2023-01-19 16:45:16,Credit,San Jose,D000294,190.164.160.79,M091,Branch,62,Doctor,158,1,2024-11-04 08:10:47,"-33.4569,-70.6483","37.3354,-121.8930",37.3354,-121.893,-33.4569,-70.6483,9467.365164420416,True,-56561131.0,True,1,4.7047665048731195,True,True
TX000954,AC00187,119.95,2023-04-10 17:53:04,Credit,Philadelphia,D000292,214.32.109.197,M092,Branch,62,Retired,47,5,2024-11-04 08:10:27,"39.9690,-83.0114","39.9525,-75.1652",39.9525,-75.1652,39.969,-83.0114,670.1869384181457,False,-49558643.0,False,2,3.3403624419887428,False,True
TX000959,AC00282,280.61,2023-11-27 16:37:11,Debit,Mesa,D000485,186.135.2.148,M085,ATM,47,Engineer,129,3,2024-11-04 08:10:47,"-34.6131,-58.3772","33.4245,-111.8332",33.4245,-111.8332,-34.6131,-58.3772,9371.843708473767,True,-29604816.0,False,2,4.317650946058706,False,True
TX000962,AC00174,353.59,2023-08-11 17:57:52,Credit,New York,D000311,198.24.183.157,M046,Branch,52,Retired,109,5,2024-11-04 08:10:53,"39.0437,-77.4875","43.0000,-75.0000",43.0,-75.0,39.0437,-77.4875,486.5727477041211,False,-38931181.0,False,2,3.1727409091133336,False,True
TX000982,AC00336,460.09,2023-03-06 17:05:25,Credit,Fresno,D000033,188.77.83.72,M081,Online,35,Doctor,146,3,2024-11-04 08:08:33,"41.4500,2.2474","36.7468,-119.7725",36.7468,-119.7725,41.45,2.2474,9535.015057253213,True,-52585388.0,False,2,2.76850594076774,False,True
TX000994,AC00144,29.91,2023-07-31 16:26:33,Credit,Philadelphia,D000551,113.21.93.28,M034,Online,76,Retired,43,3,2024-11-04 08:08:39,"25.0531,121.5264","39.9525,-75.1652",39.9525,-75.1652,25.0531,121.5264,12603.649823951446,True,-39886926.0,False,2,3.89186588264535,False,True
TX001017,AC00174,213.55,2023-03-30 16:00:25,Debit,Boston,D000680,161.25.82.11,M077,ATM,63,Doctor,15,1,2024-11-04 08:07:06,"-33.4569,-70.6483","42.3611,-71.0570",42.3611,-71.057,-33.4569,-70.6483,8395.272677251203,True,-50515601.0,False,4,4.311737944616143,False,True
TX001023,AC00246,77.25,2023-12-22 17:49:57,Debit,Virginia Beach,D000142,45.182.28.148,M059,Branch,68,Doctor,157,1,2024-11-04 08:07:50,"-32.6910,-58.8884","36.8631,-76.0157",36.8631,-76.0157,-32.691,-58.8884,7903.1419039528955,True,-27440273.0,False,4,4.0820786192936,False,True
TX001056,AC00317,13.48,2023-09-20 17:49:53,Debit,Las Vegas,D000279,32.169.88.41,M094,Online,18,Student,20,3,2024-11-04 08:10:20,"47.5413,-122.3129","36.1147,-115.2014",36.1147,-115.2014,47.5413,-122.3129,1398.4366389237573,False,-35475627.0,False,2,3.7523658398463144,False,True
TX001058,AC00191,83.07,2023-01-06 16:13:53,Debit,Miami,D000182,138.210.196.19,M026,Branch,27,Engineer,291,4,2024-11-04 08:10:42,"39.2333,-95.4669","25.7616,-80.1917",25.7616,-80.1917,39.2333,-95.4669,2065.9412178525536,False,-57686209.0,False,2,4.124381279010201,False,True
TX001059,AC00120,730.1,2023-07-25 18:04:46,Credit,Chicago,D000453,190.164.160.79,M053,Branch,77,Retired,93,1,2024-11-04 08:06:48,"-33.4569,-70.6483","41.8818,-87.6231",41.8818,-87.6231,-33.4569,-70.6483,8520.801324212167,True,-40399322.0,False,4,4.26238597899515,False,True
TX001083,AC00200,136.05,2023-01-23 16:19:25,Debit,Atlanta,D000362,82.115.199.37,M068,Online,24,Student,63,3,2024-11-04 08:12:00,"59.8585,17.6454","33.7537,-84.3863",33.7537,-84.3863,59.8585,17.6454,7448.4432710166775,True,-56217155.0,False,2,3.183311517232856,False,True
TX001103,AC00310,64.92,2023-05-19 18:47:11,Debit,Atlanta,D000110,186.57.149.225,M082,Branch,58,Engineer,236,1,2024-11-04 08:11:10,"-34.7206,-58.2545","33.7537,-84.3863",33.7537,-84.3863,-34.7206,-58.2545,8055.2360310328995,True,-46185839.0,False,4,3.9597438903918105,False,True
TX001122,AC00426,303.97,2023-02-02 16:55:25,Debit,Fort Worth,D000215,7.146.35.122,M056,Online,24,Student,77,5,2024-11-04 08:07:47,"39.9690,-83.0114","32.7687,-97.3093",32.7687,-97.3093,39.969,-83.0114,1508.663855037611,False,-55350742.0,False,2,3.033668464280523,False,True
TX001134,AC00095,1432.02,2023-09-08 17:50:09,Debit,Louisville,D000263,105.87.212.115,M081,Branch,60,Retired,138,1,2024-11-04 08:09:36,"30.0626,31.2497","38.3287,-85.7647",38.3287,-85.7647,30.0626,31.2497,10013.397966150276,True,-36512367.0,False,1,2.656804328966412,False,True
TX001137,AC00032,341.67,2023-03-06 16:45:24,Debit,Omaha,D000160,140.94.123.72,M037,Branch,53,Retired,96,5,2024-11-04 08:09:03,"48.8944,2.4093","41.2571,-95.9951",41.2571,-95.9951,48.8944,2.4093,7233.02814126401,False,-52586619.0,False,2,2.556976955386933,False,True
TX001141,AC00286,42.72,2023-08-17 16:55:10,Debit,Nashville,D000193,186.135.2.148,M001,ATM,37,Engineer,143,1,2024-11-04 08:06:59,"-34.6131,-58.3772","36.1744,-86.7679",36.1744,-86.7679,-34.6131,-58.3772,8372.292250269657,True,-38416309.0,False,4,3.435574088426775,False,True
TX001162,AC00460,484.3,2023-10-17 17:46:52,Credit,Boston,D000407,93.160.83.196,M026,Online,61,Retired,230,3,2024-11-04 08:11:08,"56.1567,10.2108","42.3611,-71.0570",42.3611,-71.057,56.1567,10.2108,5745.944582856883,False,-33143056.0,False,2,3.607237433158487,False,True
TX001178,AC00211,224.73,2023-02-09 16:27:52,Debit,Miami,D000005,3.102.127.165,M002,Branch,76,Retired,63,1,2024-11-04 08:08:39,"-36.8485,174.7635","25.7616,-80.1917",25.7616,-80.1917,-36.8485,174.7635,12961.164134782282,True,-54747647.0,True,4,4.611034346431778,True,True
TX001186,AC00060,74.27,2023-07-13 17:17:07,Credit,Memphis,D000249,190.164.160.79,M090,Online,59,Doctor,148,1,2024-11-04 08:11:20,"-33.4569,-70.6483","35.1495,-90.0489",35.1495,-90.0489,-33.4569,-70.6483,7859.493283178033,True,-41439253.0,False,4,3.4928254531401923,False,True
TX001206,AC00087,32.91,2023-05-04 16:37:01,Debit,Fort Worth,D000471,54.252.249.33,M036,Online,19,Student,255,1,2024-11-04 08:06:44,"-33.8678,151.2073","32.7687,-97.3093",32.7687,-97.3093,-33.8678,151.2073,13770.052388677701,True,-47489383.0,False,4,3.9665897180556966,False,True
TX001214,AC00170,1192.2,2023-12-21 16:21:27,Credit,Jacksonville,D000174,40.10.25.102,M093,Branch,60,Retired,103,5,2024-11-04 08:09:14,"39.7795,-86.1328","30.3321,-81.6556",30.3321,-81.6556,39.7795,-86.1328,1124.4581289248645,False,-27532067.0,True,2,4.565073353767314,True,True
TX001241,AC00053,137.59,2023-01-03 16:27:16,Debit,Nashville,D000439,161.25.82.11,M065,ATM,30,Doctor,95,1,2024-11-04 08:11:30,"-33.4569,-70.6483","36.1744,-86.7679",36.1744,-86.7679,-33.4569,-70.6483,7888.655555769158,True,-57944654.0,False,4,3.8764436827082402,False,True
TX001248,AC00071,1647.74,2023-12-25 17:41:30,Debit,Louisville,D000593,113.137.153.101,M049,ATM,67,Retired,52,1,2024-11-04 08:09:29,"31.2222,121.4581","38.3287,-85.7647",38.3287,-85.7647,31.2222,121.4581,11805.766105420777,True,-27181679.0,False,1,4.176651567073847,False,True
TX001255,AC00070,142.19,2023-06-15 18:28:50,Debit,Houston,D000416,85.191.79.161,M005,Branch,18,Student,27,4,2024-11-04 08:09:44,"56.1567,10.2108","29.7499,-95.3584",29.7499,-95.3584,56.1567,10.2108,8201.221794676532,True,-43854054.0,False,2,2.8338792370584667,False,True
TX001260,AC00232,54.5,2023-11-22 16:59:09,Credit,Philadelphia,D000050,61.95.76.233,M082,Branch,57,Retired,147,1,2024-11-04 08:08:27,"-33.8678,151.2073","39.9525,-75.1652",39.9525,-75.1652,-33.8678,151.2073,15883.183910872627,True,-30035358.0,False,4,3.7312257985333543,False,True
TX001274,AC00431,1235.69,2023-05-24 16:14:34,Credit,San Jose,D000216,69.82.61.135,M048,Branch,20,Student,118,1,2024-11-04 08:09:22,"39.0437,-77.4875","37.3354,-121.8930",37.3354,-121.893,39.0437,-77.4875,3855.9039855994106,False,-45762888.0,False,1,2.4861070022805016,False,True
TX001282,AC00128,1397.59,2023-11-13 17:28:12,Credit,Austin,D000117,4.134.78.167,M020,ATM,26,Student,144,1,2024-11-04 08:06:38,"47.6740,-122.1215","30.2666,-97.7333",30.2666,-97.7333,47.674,-122.1215,2841.160932343425,False,-30811106.0,False,1,2.8555961783624206,False,True
TX001284,AC00410,170.19,2023-07-07 17:40:58,Credit,Los Angeles,D000255,110.150.1.201,M077,Branch,27,Student,156,5,2024-11-04 08:12:16,"-33.8678,151.2073","34.0522,-118.2436",34.0522,-118.2436,-33.8678,151.2073,12063.235138606085,True,-41956278.0,True,2,4.734630708768502,True,True
TX001308,AC00024,28.78,2023-08-07 16:08:04,Credit,Tucson,D000041,186.135.2.148,M096,Online,40,Doctor,51,1,2024-11-04 08:11:39,"-34.6131,-58.3772","32.2534,-110.9117",32.2534,-110.9117,-34.6131,-58.3772,9217.425792901631,True,-39283415.0,False,4,3.6647572245157765,False,True
TX001337,AC00017,60.11,2023-11-27 17:39:39,Credit,Albuquerque,D000636,8.243.4.138,M067,Branch,61,Retired,122,1,2024-11-04 08:08:09,"-34.6131,-58.3772","35.1067,-106.6291",35.1067,-106.6291,-34.6131,-58.3772,9205.858754720624,True,-29600910.0,False,4,3.705529807809898,False,True
TX001353,AC00409,192.23,2023-12-28 16:34:52,Debit,Albuquerque,D000117,167.164.55.0,M058,Online,54,Engineer,39,3,2024-11-04 08:06:41,"40.4477,-79.9933","35.1067,-106.6291",35.1067,-106.6291,40.4477,-79.9933,2410.1632089536643,False,-26926309.0,False,2,3.1681970070778775,False,True
TX001354,AC00312,1510.71,2023-06-15 16:48:29,Debit,Oklahoma City,D000106,193.209.134.233,M060,Online,66,Retired,51,1,2024-11-04 08:09:11,"60.3923,25.6651","35.4819,-97.5084",35.4819,-97.5084,60.3923,25.6651,8189.978274890115,True,-43860042.0,False,1,2.9741048654923232,False,True
TX001364,AC00089,204.7,2023-09-21 16:08:00,Debit,Oklahoma City,D000359,141.201.46.191,M032,Branch,49,Doctor,95,5,2024-11-04 08:10:26,"47.9000,13.1333","35.4819,-97.5084",35.4819,-97.5084,47.9,13.1333,8495.755156187355,True,-35395346.0,False,2,2.1615030556225707,False,True
TX001439,AC00179,1831.02,2023-09-15 17:31:42,Credit,Columbus,D000246,141.121.30.32,M012,Online,62,Doctor,83,1,2024-11-04 08:10:52,"38.4822,-122.7473","39.9833,-82.9833",39.9833,-82.9833,38.4822,-122.7473,3408.767711081963,False,-35908750.0,False,1,3.8295027589994404,False,True
TX001450,AC00218,152.01,2023-02-23 16:41:55,Debit,Fort Worth,D000407,80.75.92.66,M095,ATM,42,Engineer,111,3,2024-11-04 08:11:14,"56.8519,60.6122","32.7687,-97.3093",32.7687,-97.3093,56.8519,60.6122,9858.133217000106,True,-53537359.0,False,2,2.7364861500274555,False,True
TX001457,AC00462,105.37,2023-05-11 18:31:20,Debit,Sacramento,D000327,164.75.163.220,M043,ATM,25,Student,160,1,2024-11-04 08:09:44,"-35.2835,149.1281","38.5905,-121.4899",38.5905,-121.4899,-35.2835,149.1281,12295.694565073676,True,-46877904.0,False,4,3.577498563921554,False,True
TX001481,AC00111,366.93,2023-12-11 18:43:00,Debit,Houston,D000697,45.182.28.148,M078,Online,66,Retired,33,1,2024-11-04 08:11:33,"-32.6910,-58.8884","29.7499,-95.3584",29.7499,-95.3584,-32.691,-58.8884,7909.642143820649,True,-28387713.0,False,4,4.174876659110498,False,True
TX001483,AC00218,494.96,2023-03-31 16:34:38,Debit,Sacramento,D000320,45.182.28.148,M067,ATM,40,Engineer,132,1,2024-11-04 08:08:34,"-32.6910,-58.8884","38.5905,-121.4899",38.5905,-121.4899,-32.691,-58.8884,10204.703773989866,True,-50427236.0,False,4,3.713088338984163,False,True
TX001498,AC00018,1228.81,2023-02-20 16:36:36,Debit,San Francisco,D000381,63.191.171.41,M034,ATM,26,Student,254,1,2024-11-04 08:09:05,"50.1155,8.6842","37.7739,-122.4312",37.7739,-122.4312,50.1155,8.6842,9157.049394584486,True,-53796749.0,False,1,3.3989031964128396,False,True
TX001515,AC00272,71.34,2023-08-28 16:00:00,Debit,Miami,D000256,188.225.207.71,M021,Online,49,Engineer,144,3,2024-11-04 08:09:43,"31.5294,35.0938","25.7616,-80.1917",25.7616,-80.1917,31.5294,35.0938,10668.48720199292,True,-37469383.0,False,2,3.2669367904521973,False,True
TX001532,AC00432,26.07,2023-03-16 17:00:29,Debit,Baltimore,D000552,194.174.252.1,M061,Branch,20,Student,19,3,2024-11-04 08:10:16,"51.2563,7.1482","39.2992,-76.6093",39.2992,-76.6093,51.2563,7.1482,6339.435695856527,False,-51721787.0,False,2,3.456536847040447,False,True
TX001539,AC00253,20.05,2023-11-29 17:43:51,Debit,Chicago,D000293,164.75.163.220,M018,ATM,72,Retired,171,1,2024-11-04 08:08:00,"-35.2835,149.1281","41.8818,-87.6231",41.8818,-87.6231,-35.2835,149.1281,15113.35674723797,True,-29427849.0,False,4,3.976925025317402,False,True
TX001540,AC00344,175.02,2023-04-10 16:23:53,Debit,Phoenix,D000609,105.6.30.244,M092,Online,28,Student,71,1,2024-11-04 08:09:21,"-26.2000,28.0833","33.4483,-112.0740",33.4483,-112.074,-26.2,28.0833,16117.91256713826,True,-49563928.0,False,4,3.216255047769978,False,True
TX001558,AC00245,262.43,2023-06-13 17:26:54,Credit,San Diego,D000365,172.184.35.29,M046,Online,37,Doctor,274,5,2024-11-04 08:07:46,"38.7135,-78.1594","32.7157,-117.1610",32.7157,-117.161,38.7135,-78.1594,3563.776696042734,False,-44030452.0,False,2,3.2324138309338704,False,True
TX001585,AC00358,434.17,2023-01-05 16:40:09,Debit,Atlanta,D000238,161.161.26.115,M010,ATM,21,Student,148,5,2024-11-04 08:09:50,"40.6301,-74.4274","33.7537,-84.3863",33.7537,-84.3863,40.6301,-74.4274,1166.607634917034,False,-57770981.0,False,2,3.230323524113334,False,True
TX001601,AC00492,369.89,2023-10-18 16:44:36,Debit,San Antonio,D000042,186.54.68.246,M083,ATM,69,Retired,69,1,2024-11-04 08:11:27,"-34.9033,-56.1882","29.4243,-98.4911",29.4243,-98.4911,-34.9033,-56.1882,8391.628028861393,True,-33060411.0,False,4,4.029823676232413,False,True
TX001610,AC00273,1431.33,2023-01-17 17:50:51,Debit,Charlotte,D000434,13.88.251.53,M075,ATM,30,Doctor,49,1,2024-11-04 08:09:18,"43.7064,-79.3986","35.2270,-80.8431",35.227,-80.8431,43.7064,-79.3986,949.5496271366737,False,-56729907.0,False,1,3.1621889834281283,False,True
TX001616,AC00030,363.84,2023-10-19 17:41:40,Debit,Columbus,D000069,26.240.219.199,M048,Online,73,Retired,118,3,2024-11-04 08:09:37,"39.9690,-83.0114","39.9833,-82.9833",39.9833,-82.9833,39.969,-83.0114,2.8780205975688276,False,-32970477.0,False,2,3.3263895678782984,False,True
TX001619,AC00305,108.75,2023-10-17 16:09:20,Debit,Houston,D000081,119.163.214.161,M097,ATM,50,Doctor,23,4,2024-11-04 08:10:18,"36.0649,120.3804","29.7499,-95.3584",29.7499,-95.3584,36.0649,120.3804,11821.205745243087,True,-33148858.0,False,2,3.053840457674502,False,True
TX001626,AC00220,1360.01,2023-09-25 16:51:23,Credit,Phoenix,D000582,5.252.94.135,M096,Branch,67,Retired,218,1,2024-11-04 08:11:58,"38.1163,-1.3004","33.4483,-112.0740",33.4483,-112.074,38.1163,-1.3004,9342.355802830029,True,-35047235.0,False,1,2.9882431163381917,False,True
TX001635,AC00358,1762.28,2023-10-06 16:05:34,Debit,Memphis,D000008,26.105.49.129,M066,ATM,24,Student,150,1,2024-11-04 08:10:42,"39.9690,-83.0114","35.1495,-90.0489",35.1495,-90.0489,39.969,-83.0114,819.725799243401,False,-34099508.0,False,1,3.472988091943626,False,True
TX001660,AC00456,53.79,2023-12-05 16:01:44,Credit,Philadelphia,D000199,101.223.82.253,M072,ATM,54,Engineer,137,3,2024-11-04 08:07:47,"17.3840,78.4564","39.9525,-75.1652",39.9525,-75.1652,17.384,78.4564,13096.179870350885,True,-28915563.0,False,2,3.522084538666972,False,True
TX001666,AC00241,112.66,2023-09-18 16:28:56,Debit,Philadelphia,D000602,53.218.177.171,M049,Online,29,Engineer,176,3,2024-11-04 08:07:58,"48.7000,9.0167","39.9525,-75.1652",39.9525,-75.1652,48.7,9.0167,6437.82559947415,False,-35653142.0,False,2,2.832283428721557,False,True
TX001673,AC00344,1353.93,2023-11-15 17:32:11,Debit,El Paso,D000681,80.75.92.66,M073,Branch,26,Engineer,171,1,2024-11-04 08:08:50,"56.8519,60.6122","31.7725,-106.4609",31.7725,-106.4609,56.8519,60.6122,10108.66079565803,True,-30638199.0,False,1,2.9968586895454443,False,True
TX001686,AC00050,296.46,2023-11-09 16:11:59,Debit,Dallas,D000287,54.252.249.33,M046,Branch,23,Student,136,1,2024-11-04 08:08:19,"-33.8678,151.2073","32.7791,-96.8088",32.7791,-96.8088,-33.8678,151.2073,13814.178245484885,True,-31161380.0,False,4,3.4211815704618025,False,True
TX001689,AC00354,109.28,2023-06-09 16:20:12,Debit,San Diego,D000047,159.37.30.154,M082,Online,36,Engineer,112,4,2024-11-04 08:07:21,"37.7915,-122.4018","32.7157,-117.1610",32.7157,-117.161,37.7915,-122.4018,737.6802410731117,False,-44380029.0,False,2,2.5201260795028535,False,True
TX001693,AC00232,25.77,2023-07-17 17:15:21,Credit,San Diego,D000026,120.16.186.17,M078,Online,45,Doctor,277,1,2024-11-04 08:10:33,"-31.9522,115.8614","32.7157,-117.1610",32.7157,-117.161,-31.9522,115.8614,15087.787412274054,True,-41093712.0,False,4,3.983994314171869,False,True
TX001704,AC00205,1294.81,2023-12-11 16:53:08,Credit,Washington,D000489,76.0.164.168,M026,Branch,45,Engineer,279,1,2024-11-04 08:11:44,"31.7038,-98.1239","38.8898,-77.0090",38.8898,-77.009,31.7038,-98.1239,2073.1546541843963,False,-28394316.0,False,1,3.4949237636689854,False,True
TX001707,AC00048,1283.97,2023-08-09 17:32:04,Debit,Colorado Springs,D000340,4.134.78.167,M030,ATM,42,Doctor,121,1,2024-11-04 08:07:52,"47.6740,-122.1215","38.8590,-104.8134",38.859,-104.8134,47.674,-122.1215,1706.5528533264091,False,-39105348.0,False,1,2.090923833526167,False,True
TX001732,AC00333,1.93,2023-10-19 18:06:08,Debit,Chicago,D000297,162.58.247.55,M030,Branch,47,Doctor,175,5,2024-11-04 08:08:33,"35.4676,-97.5164","41.8818,-87.6231",41.8818,-87.6231,35.4676,-97.5164,1115.8911890644783,False,-32968945.0,False,2,3.1217878324566257,False,True
TX001734,AC00108,238.54,2023-04-07 16:04:01,Debit,Indianapolis,D000428,83.182.211.68,M006,ATM,19,Student,12,4,2024-11-04 08:07:18,"59.4032,17.9448","39.7910,-86.1480",39.791,-86.148,59.4032,17.9448,7012.439749422123,False,-49824197.0,False,2,2.936114939930992,False,True
TX001745,AC00200,289.18,2023-08-29 16:17:55,Debit,Baltimore,D000110,190.164.160.79,M067,ATM,65,Retired,64,1,2024-11-04 08:11:11,"-33.4569,-70.6483","39.2992,-76.6093",39.2992,-76.6093,-33.4569,-70.6483,8078.589198610983,True,-37381996.0,False,4,3.823087515382254,False,True
TX001749,AC00142,504.12,2023-04-14 17:35:50,Credit,Baltimore,D000248,104.80.232.55,M008,Branch,25,Student,101,1,2024-11-04 08:10:41,"-33.8678,151.2073","39.2992,-76.6093",39.2992,-76.6093,-33.8678,151.2073,15752.055439398819,True,-49214091.0,False,4,3.643303852597419,False,True
TX001756,AC00405,247.93,2023-08-14 18:08:27,Debit,Indianapolis,D000082,3.102.127.165,M100,Branch,37,Engineer,79,1,2024-11-04 08:09:24,"-36.8485,174.7635","39.7910,-86.1480",39.791,-86.148,-36.8485,174.7635,13192.735851816202,True,-38671257.0,False,4,3.24635695827656,False,True
TX001775,AC00358,17.79,2023-02-22 17:01:35,Debit,Jacksonville,D000409,203.245.215.62,M091,Branch,61,Retired,162,5,2024-11-04 08:11:03,"36.0303,129.3634","30.3321,-81.6556",30.3321,-81.6556,36.0303,129.3634,11978.551654545958,True,-53622568.0,False,2,3.490205845551329,False,True
TX001788,AC00319,253.46,2023-05-22 16:27:35,Debit,Memphis,D000057,8.243.4.138,M046,ATM,45,Engineer,60,1,2024-11-04 08:07:11,"-34.6131,-58.3772","35.1495,-90.0489",35.1495,-90.0489,-34.6131,-58.3772,8396.313035149122,True,-45934776.0,False,4,3.3808500962309793,False,True
TX001789,AC00338,1612.37,2023-07-24 17:46:13,Debit,Los Angeles,D000025,16.128.130.153,M078,ATM,65,Retired,173,1,2024-11-04 08:08:21,"47.5413,-122.3129","34.0522,-118.2436",34.0522,-118.2436,47.5413,-122.3129,1536.2536022839324,False,-40486928.0,False,1,3.4902595444158693,False,True
TX001802,AC00018,331.32,2023-06-05 17:24:29,Debit,Sacramento,D000334,200.164.13.160,M078,Branch,61,Doctor,137,5,2024-11-04 08:07:35,"-22.9064,-43.1822","38.5905,-121.4899",38.5905,-121.4899,-22.9064,-43.1822,10614.7988557831,True,-44721786.0,False,2,3.9764896592688004,False,True
TX001824,AC00137,31.39,2023-01-09 17:09:31,Debit,Tucson,D000214,186.57.149.225,M068,ATM,20,Student,15,1,2024-11-04 08:06:27,"-34.7206,-58.2545","32.2534,-110.9117",32.2534,-110.9117,-34.7206,-58.2545,9233.816876781497,True,-57423416.0,True,4,4.387207779939262,True,True
TX001843,AC00337,878.63,2023-04-06 16:59:33,Debit,Columbus,D000636,61.95.76.233,M080,ATM,60,Engineer,139,1,2024-11-04 08:07:05,"-33.8678,151.2073","39.9833,-82.9833",39.9833,-82.9833,-33.8678,151.2073,15221.519838181828,True,-49907252.0,False,4,3.9881369982591637,False,True
TX001861,AC00228,11.06,2023-11-01 17:59:04,Debit,Colorado Springs,D000153,30.229.179.194,M037,ATM,34,Engineer,13,3,2024-11-04 08:07:08,"37.2242,-95.7083","38.8590,-104.8134",38.859,-104.8134,37.2242,-95.7083,819.2237627858827,False,-31846084.0,False,2,3.430838748829536,False,True
TX001867,AC00073,31.06,2023-11-20 16:59:13,Debit,Kansas City,D000308,41.0.10.107,M072,ATM,46,Doctor,61,1,2024-11-04 08:07:24,"-26.5333,29.0667","39.0997,-94.5783",39.0997,-94.5783,-26.5333,29.0667,14654.01361423232,True,-30208091.0,False,4,3.066106187928512,False,True
TX001873,AC00203,429.15,2023-03-09 16:21:09,Debit,Las Vegas,D000193,41.0.10.107,M054,Branch,26,Student,218,1,2024-11-04 08:11:30,"-26.5333,29.0667","36.1147,-115.2014",36.1147,-115.2014,-26.5333,29.0667,16485.20628490504,True,-52329021.0,False,4,3.6725781587590443,False,True
TX001877,AC00169,136.48,2023-08-14 16:46:26,Debit,Charlotte,D000119,100.137.90.188,M079,Online,52,Engineer,138,4,2024-11-04 08:09:36,"47.5614,-122.1552","35.2270,-80.8431",35.227,-80.8431,47.5614,-122.1552,3664.4975349781057,False,-38676190.0,False,2,2.02002215093431,False,True
TX001885,AC00071,451.31,2023-12-04 16:57:39,Debit,Fort Worth,D000020,68.254.244.208,M046,ATM,62,Retired,166,5,2024-11-04 08:07:38,"36.7477,-119.7724","32.7687,-97.3093",32.7687,-97.3093,36.7477,-119.7724,2098.246891672152,False,-28998599.0,False,2,3.0984789120315686,False,True
TX001888,AC00206,74.11,2023-09-08 16:09:45,Credit,Virginia Beach,D000320,147.119.62.178,M065,Online,69,Retired,71,4,2024-11-04 08:08:28,"53.2340,-1.4462","36.8631,-76.0157",36.8631,-76.0157,53.234,-1.4462,5858.201876248871,False,-36518323.0,False,2,2.4925102667727344,False,True
TX001918,AC00382,1427.71,2023-01-24 17:26:34,Debit,New York,D000015,59.208.79.116,M086,Branch,64,Doctor,159,1,2024-11-04 08:09:30,"39.9075,116.3972","43.0000,-75.0000",43.0,-75.0,39.9075,116.3972,10750.886263281254,True,-56126576.0,False,1,3.9866446587476325,False,True
TX001953,AC00350,1496.57,2023-02-27 16:18:28,Debit,Memphis,D000139,182.84.41.229,M092,Online,33,Engineer,95,1,2024-11-04 08:06:37,"31.2222,121.4581","35.1495,-90.0489",35.1495,-90.0489,31.2222,121.4581,11955.830946962044,True,-53192889.0,False,1,3.4012910953180615,False,True
TX001959,AC00023,59.73,2023-05-22 16:38:39,Debit,Fresno,D000681,186.57.149.225,M019,ATM,27,Student,56,1,2024-11-04 08:10:10,"-34.7206,-58.2545","36.7468,-119.7725",36.7468,-119.7725,-34.7206,-58.2545,10156.404772848866,True,-45934291.0,False,4,3.800165120521508,False,True
TX001970,AC00189,146.55,2023-08-03 18:35:54,Debit,Virginia Beach,D000163,82.75.200.117,M002,Online,54,Retired,124,5,2024-11-04 08:07:38,"51.5908,5.3292","36.8631,-76.0157",36.8631,-76.0157,51.5908,5.3292,6352.0451182836105,False,-39619904.0,False,2,2.4208483094330107,False,True
TX001974,AC00407,584.41,2023-01-02 16:51:47,Debit,Las Vegas,D000326,124.180.225.109,M051,ATM,23,Student,41,1,2024-11-04 08:11:29,"-33.8678,151.2073","36.1147,-115.2014",36.1147,-115.2014,-33.8678,151.2073,12415.188442073752,True,-58029582.0,False,4,3.997837057224759,False,True
TX001976,AC00260,79.21,2023-11-24 17:52:34,Debit,Colorado Springs,D000014,165.143.173.165,M055,Branch,56,Retired,140,1,2024-11-04 08:07:01,"-25.7069,28.2294","38.8590,-104.8134",38.859,-104.8134,-25.7069,28.2294,15422.373174518169,True,-29859267.0,False,4,3.088409333866317,False,True
TX001979,AC00327,1225.5,2023-11-27 16:02:08,Credit,Las Vegas,D000507,156.187.182.236,M066,Online,50,Doctor,109,1,2024-11-04 08:11:41,"30.0626,31.2497","36.1147,-115.2014",36.1147,-115.2014,30.0626,31.2497,11887.147072679825,True,-29606973.0,False,1,2.6961772980684118,False,True
TX001985,AC00303,1512.99,2023-08-08 17:15:50,Debit,Philadelphia,D000032,195.164.171.146,M071,Online,19,Student,50,1,2024-11-04 08:09:45,"52.4069,16.9299","39.9525,-75.1652",39.9525,-75.1652,52.4069,16.9299,6750.58427231662,False,-39192835.0,False,1,3.196752410612306,False,True
TX002007,AC00227,28.04,2023-02-15 16:37:09,Debit,Los Angeles,D000101,114.223.129.47,M008,ATM,57,Doctor,146,5,2024-11-04 08:12:17,"31.2222,121.4581","34.0522,-118.2436",34.0522,-118.2436,31.2222,121.4581,10456.66670098532,True,-54228908.0,False,2,3.262757756782609,False,True
TX002042,AC00094,58.23,2023-07-26 17:25:23,Debit,Phoenix,D000504,200.22.195.243,M068,Online,28,Student,34,1,2024-11-04 08:09:59,"-33.4569,-70.6483","33.4483,-112.0740",33.4483,-112.074,-33.4569,-70.6483,8580.953963282996,True,-40315476.0,False,4,3.8182233012521136,False,True
TX002054,AC00331,58.32,2023-07-31 16:21:15,Credit,Louisville,D000135,87.50.72.69,M011,Branch,29,Engineer,275,4,2024-11-04 08:06:58,"55.6759,12.5655","38.3287,-85.7647",38.3287,-85.7647,55.6759,12.5655,7065.910181773188,False,-39887143.0,False,2,2.7574181976113614,False,True
TX002057,AC00436,308.62,2023-10-06 18:59:06,Credit,Sacramento,D000482,61.95.76.233,M047,Branch,59,Engineer,101,1,2024-11-04 08:06:47,"-33.8678,151.2073","38.5905,-121.4899",38.5905,-121.4899,-33.8678,151.2073,12049.803453858736,True,-34088861.0,False,4,3.414005324882253,False,True
TX002059,AC00391,328.39,2023-11-09 16:47:01,Debit,New York,D000396,110.150.1.201,M013,ATM,41,Engineer,108,1,2024-11-04 08:11:57,"-33.8678,151.2073","43.0000,-75.0000",43.0,-75.0,-33.8678,151.2073,15916.733944790964,True,-31159496.0,False,4,3.7503777493230066,False,True
TX002074,AC00228,441.26,2023-02-27 16:07:46,Credit,Tucson,D000490,92.180.81.50,M074,Branch,58,Doctor,87,5,2024-11-04 08:11:41,"44.9500,26.0167","32.2534,-110.9117",32.2534,-110.9117,44.95,26.0167,10414.118404355813,True,-53193835.0,False,2,2.8617353301994473,False,True
TX002087,AC00029,1192.95,2023-12-04 18:30:00,Debit,Las Vegas,D000227,71.93.189.160,M068,Branch,23,Student,73,1,2024-11-04 08:08:01,"34.4222,-117.3025","36.1147,-115.2014",36.1147,-115.2014,34.4222,-117.3025,267.9556084253116,False,-28993081.0,False,1,2.8717818517611975,False,True
TX002103,AC00054,122.85,2023-11-29 17:38:53,Credit,Seattle,D000392,210.98.198.143,M069,Online,47,Doctor,127,3,2024-11-04 08:07:00,"37.5660,126.9784","47.6080,-122.3351",47.608,-122.3351,37.566,126.9784,8343.035201605617,True,-29428087.0,False,2,4.136963064980722,False,True
TX002125,AC00039,737.46,2023-01-03 16:28:03,Credit,Albuquerque,D000443,202.194.199.70,M037,Branch,53,Doctor,75,4,2024-11-04 08:07:37,"39.9075,116.3972","35.1067,-106.6291",35.1067,-106.6291,39.9075,116.3972,10603.703619575565,True,-57944374.0,False,2,3.085690279602741,False,True
TX002150,AC00110,1250.94,2023-02-28 17:45:06,Debit,Columbus,D000282,35.67.21.23,M054,ATM,36,Doctor,107,2,2024-11-04 08:08:33,"42.3314,-83.0457","39.9833,-82.9833",39.9833,-82.9833,42.3314,-83.0457,260.825445234085,False,-53101407.0,False,1,3.0469116730024925,False,True
TX002160,AC00216,624.0,2023-02-16 17:34:34,Debit,Houston,D000207,113.137.153.101,M097,Branch,26,Engineer,132,5,2024-11-04 08:11:42,"31.2222,121.4581","29.7499,-95.3584",29.7499,-95.3584,31.2222,121.4581,12219.71086259793,True,-54139028.0,False,2,3.527234027753852,False,True
TX002162,AC00139,10.15,2023-02-23 16:51:34,Debit,Austin,D000531,55.139.104.163,M004,ATM,59,Doctor,58,5,2024-11-04 08:11:00,"39.9539,-82.9301","30.2666,-97.7333",30.2666,-97.7333,39.9539,-82.9301,1721.0943378218337,False,-53536766.0,False,2,3.1980516887048496,False,True
TX002164,AC00148,319.5,2023-06-09 16:03:24,Credit,Virginia Beach,D000513,54.252.249.33,M081,Branch,29,Engineer,69,1,2024-11-04 08:10:45,"-33.8678,151.2073","36.8631,-76.0157",36.8631,-76.0157,-33.8678,151.2073,15763.936146428929,True,-44381241.0,False,4,3.4248023496953306,False,True
TX002192,AC00131,879.25,2023-11-07 17:44:12,Credit,Memphis,D000073,190.164.160.79,M086,Online,24,Student,137,1,2024-11-04 08:08:02,"-33.4569,-70.6483","35.1495,-90.0489",35.1495,-90.0489,-33.4569,-70.6483,7859.493283178033,True,-31328630.0,False,1,4.1007669477238125,False,True
TX002202,AC00385,1431.54,2023-12-11 16:23:59,Debit,Portland,D000490,68.254.244.208,M075,Online,20,Student,84,1,2024-11-04 08:08:41,"36.7477,-119.7724","45.5230,-122.6764",45.523,-122.6764,36.7477,-119.7724,1004.4026871501858,False,-28395882.0,False,1,4.02397395904876,False,True
TX002216,AC00290,1413.24,2023-11-06 18:59:24,Debit,New York,D000356,166.41.54.117,M016,ATM,58,Engineer,199,1,2024-11-04 08:11:26,"38.9318,-77.3527","43.0000,-75.0000",43.0,-75.0,38.9318,-77.3527,493.23212789739114,False,-31410722.0,False,1,3.463711992097619,False,True
TX002251,AC00325,403.63,2023-06-08 16:56:16,Debit,Las Vegas,D000573,96.162.11.85,M042,Branch,31,Engineer,167,3,2024-11-04 08:07:58,"39.9340,-74.8910","36.1147,-115.2014",36.1147,-115.2014,39.934,-74.891,3534.5213946728013,False,-44464302.0,False,2,2.539616138243444,False,True
TX002262,AC00086,340.13,2023-02-06 17:23:52,Debit,Mesa,D000203,165.35.58.173,M029,Branch,24,Student,32,3,2024-11-04 08:11:48,"35.2600,-80.8042","33.4245,-111.8332",33.4245,-111.8332,35.26,-80.8042,2850.7281115212477,False,-55003676.0,False,2,3.268094368446569,False,True
TX002263,AC00279,15.81,2023-03-02 18:36:55,Debit,Oklahoma City,D000606,96.24.89.146,M018,Branch,69,Doctor,11,4,2024-11-04 08:12:06,"47.5614,-122.1552","35.4819,-97.5084",35.4819,-97.5084,47.5614,-122.1552,2439.35130441907,False,-52925711.0,False,2,3.1492701946703385,False,True
TX002268,AC00416,1360.67,2023-04-19 16:38:41,Debit,Raleigh,D000017,164.75.163.220,M092,Branch,29,Engineer,118,1,2024-11-04 08:06:27,"-35.2835,149.1281","35.7877,-78.6442",35.7877,-78.6442,-35.2835,149.1281,15736.36233116294,True,-48785266.0,True,4,5.114403270417488,True,True
TX002273,AC00268,1454.52,2023-09-22 16:13:06,Debit,Miami,D000598,34.169.232.37,M088,ATM,27,Student,20,1,2024-11-04 08:07:18,"45.5946,-121.1787","25.7616,-80.1917",25.7616,-80.1917,45.5946,-121.1787,4248.615523410678,False,-35308452.0,False,1,3.7244411538407123,False,True
TX002282,AC00225,589.89,2023-10-20 16:29:44,Debit,Jacksonville,D000252,88.55.149.101,M028,Branch,56,Engineer,213,3,2024-11-04 08:12:03,"45.5322,10.3692","30.3321,-81.6556",30.3321,-81.6556,45.5322,10.3692,7820.656275053603,True,-32888539.0,False,2,3.088745249068631,False,True
TX002289,AC00149,336.01,2023-11-09 18:45:10,Debit,Colorado Springs,D000216,16.250.113.156,M043,Online,63,Doctor,121,4,2024-11-04 08:08:51,"30.1044,-95.5066","38.8590,-104.8134",38.859,-104.8134,30.1044,-95.5066,1292.3218099467426,False,-31152221.0,False,2,2.4240328775927873,False,True
TX002301,AC00038,301.73,2023-06-27 16:40:58,Debit,Tucson,D000006,165.143.173.165,M044,Online,67,Doctor,163,1,2024-11-04 08:07:10,"-25.7069,28.2294","32.2534,-110.9117",32.2534,-110.9117,-25.7069,28.2294,16004.809468742924,True,-42823572.0,False,4,3.2399818493118504,False,True
TX002311,AC00243,176.52,2023-03-14 17:06:18,Credit,San Diego,D000333,223.32.70.156,M022,Online,73,Retired,94,5,2024-11-04 08:08:41,"35.9439,126.9544","32.7157,-117.1610",32.7157,-117.161,35.9439,126.9544,9901.508612974343,True,-51894143.0,False,2,3.4442325742153193,False,True
TX002336,AC00048,14.1,2023-12-25 17:13:46,Debit,Louisville,D000099,164.75.163.220,M027,Branch,45,Engineer,73,1,2024-11-04 08:08:16,"-35.2835,149.1281","38.3287,-85.7647",38.3287,-85.7647,-35.2835,149.1281,15185.881447405607,True,-27183270.0,False,4,3.602841105662666,False,True
TX002358,AC00194,361.38,2023-03-02 17:02:57,Credit,Milwaukee,D000444,60.89.202.192,M095,Online,72,Retired,71,3,2024-11-04 08:12:17,"35.6895,139.6917","43.0389,-87.9064",43.0389,-87.9064,35.6895,139.6917,10044.37118826102,True,-52931360.0,False,2,3.655855157763622,False,True
TX002372,AC00465,21.23,2023-09-11 16:35:15,Debit,Virginia Beach,D000174,63.191.171.41,M094,ATM,23,Student,103,4,2024-11-04 08:09:59,"50.1155,8.6842","36.8631,-76.0157",36.8631,-76.0157,50.1155,8.6842,6631.31020157285,False,-36257684.0,False,2,2.304302929817817,False,True
TX002373,AC00260,95.23,2023-10-16 18:47:17,Debit,Denver,D000287,5.252.94.135,M077,Online,20,Student,60,3,2024-11-04 08:11:38,"38.1163,-1.3004","39.7420,-104.9915",39.742,-104.9915,38.1163,-1.3004,8408.286191348101,True,-33225861.0,False,2,2.93856227887776,False,True
TX002404,AC00111,1493.0,2023-06-07 17:05:41,Debit,Colorado Springs,D000344,136.162.111.135,M096,ATM,69,Retired,151,1,2024-11-04 08:07:07,"44.9369,-91.3929","38.8590,-104.8134",38.859,-104.8134,44.9369,-91.3929,1299.8031775911063,False,-44550086.0,False,1,2.9649427474591152,False,True
TX002413,AC00155,91.5,2023-03-27 16:26:42,Debit,Omaha,D000113,168.128.200.203,M033,ATM,47,Doctor,77,1,2024-11-04 08:07:56,"-26.3333,28.1500","41.2571,-95.9951",41.2571,-95.9951,-26.3333,28.15,14689.922913313372,True,-50773274.0,False,4,2.963022676121734,False,True
TX002415,AC00028,1664.33,2023-09-25 17:11:19,Debit,San Antonio,D000072,116.106.207.139,M064,Branch,18,Student,65,1,2024-11-04 08:07:07,"10.8230,106.6296","29.4243,-98.4911",29.4243,-98.4911,10.823,106.6296,14806.163526438695,True,-35045748.0,True,1,4.551880076185645,True,True
TX002421,AC00215,54.84,2023-05-08 16:48:31,Debit,Kansas City,D000140,186.54.68.246,M002,Online,52,Retired,124,1,2024-11-04 08:11:44,"-34.9033,-56.1882","39.0997,-94.5783",39.0997,-94.5783,-34.9033,-56.1882,9096.39417070485,True,-47143393.0,False,4,3.3767306746151453,False,True
TX002424,AC00340,332.06,2023-06-21 16:38:54,Debit,Seattle,D000365,94.37.250.128,M086,ATM,29,Doctor,221,4,2024-11-04 08:06:23,"47.5413,-122.3129","47.6080,-122.3351",47.608,-122.3351,47.5413,-122.3129,7.601609449178412,False,-43342049.0,False,2,4.020933913174935,False,True
TX002446,AC00439,403.01,2023-09-04 17:32:35,Debit,Washington,D000677,223.32.70.156,M029,Online,63,Doctor,286,3,2024-11-04 08:09:32,"35.9439,126.9544","38.8898,-77.0090",38.8898,-77.009,35.9439,126.9544,11362.092834688781,True,-36859017.0,False,2,3.828977647041556,False,True
TX002447,AC00014,719.76,2023-03-30 17:50:23,Debit,San Francisco,D000548,161.25.82.11,M038,Branch,19,Student,190,1,2024-11-04 08:11:25,"-33.4569,-70.6483","37.7739,-122.4312",37.7739,-122.4312,-33.4569,-70.6483,9535.299699255324,True,-50509262.0,True,4,4.434911709331396,True,True
TX002448,AC00140,163.22,2023-04-06 18:06:12,Debit,Miami,D000193,186.54.68.246,M029,Online,26,Student,217,1,2024-11-04 08:07:56,"-34.9033,-56.1882","25.7616,-80.1917",25.7616,-80.1917,-34.9033,-56.1882,7175.502949113889,False,-49903304.0,True,4,4.657442135892171,True,True
TX002506,AC00377,577.12,2023-01-27 17:38:07,Debit,Virginia Beach,D000110,120.16.186.17,M075,ATM,39,Engineer,69,1,2024-11-04 08:10:50,"-31.9522,115.8614","36.8631,-76.0157",36.8631,-76.0157,-31.9522,115.8614,18802.976524017104,True,-55866763.0,False,4,3.935026182464885,False,True
